1,1,6.545716666666666E-4,Agent2@0,(Offer  bid:Bid[Food: Chips and Nuts, Drinks: Beer Only, Location: Party Room, Invitations: Custom, Handmade, Music: DJ, Cleanup: Specialized Materials])
1,2,0.0010433166666666666,Agent3@1,(Offer  bid:Bid[Food: Catering, Drinks: Handmade Cocktails, Location: Party Room, Invitations: Custom, Printed, Music: MP3, Cleanup: Water and Soap])
2,1,0.0013787283333333332,Agent2@0,(Offer  bid:Bid[Food: Chips and Nuts, Drinks: Beer Only, Location: Party Room, Invitations: Custom, Handmade, Music: DJ, Cleanup: Specialized Materials])
2,2,0.0016132616666666667,Agent3@1,(Offer  bid:Bid[Food: Catering, Drinks: Handmade Cocktails, Location: Party Room, Invitations: Plain, Music: MP3, Cleanup: Water and Soap])
3,1,0.00190638,Agent2@0,(Offer  bid:Bid[Food: Chips and Nuts, Drinks: Beer Only, Location: Party Room, Invitations: Custom, Handmade, Music: DJ, Cleanup: Specialized Materials])
3,2,0.0021457516666666667,Agent3@1,(Offer  bid:Bid[Food: Handmade Food, Drinks: Handmade Cocktails, Location: Party Room, Invitations: Custom, Printed, Music: MP3, Cleanup: Water and Soap])
4,1,0.002366698333333333,Agent2@0,(Offer  bid:Bid[Food: Chips and Nuts, Drinks: Beer Only, Location: Party Room, Invitations: Custom, Handmade, Music: DJ, Cleanup: Specialized Materials])
4,2,0.002511265,Agent3@1,(Offer  bid:Bid[Food: Catering, Drinks: Handmade Cocktails, Location: Party Room, Invitations: Custom, Printed, Music: Band, Cleanup: Water and Soap])
5,1,0.0027036383333333336,Agent2@0,(Offer  bid:Bid[Food: Chips and Nuts, Drinks: Beer Only, Location: Party Room, Invitations: Custom, Handmade, Music: DJ, Cleanup: Specialized Materials])
5,2,0.0028726249999999997,Agent3@1,(Offer  bid:Bid[Food: Handmade Food, Drinks: Handmade Cocktails, Location: Party Room, Invitations: Plain, Music: MP3, Cleanup: Water and Soap])
6,1,0.0031091499999999998,Agent2@0,(Offer  bid:Bid[Food: Chips and Nuts, Drinks: Beer Only, Location: Party Room, Invitations: Custom, Handmade, Music: DJ, Cleanup: Specialized Materials])
6,2,0.0033164799999999997,Agent3@1,(Offer  bid:Bid[Food: Finger-Food, Drinks: Handmade Cocktails, Location: Party Room, Invitations: Custom, Printed, Music: MP3, Cleanup: Water and Soap])
7,1,0.0034855716666666666,Agent2@0,(Offer  bid:Bid[Food: Chips and Nuts, Drinks: Beer Only, Location: Party Room, Invitations: Custom, Handmade, Music: DJ, Cleanup: Specialized Materials])
7,2,0.0036548933333333334,Agent3@1,(Offer  bid:Bid[Food: Catering, Drinks: Handmade Cocktails, Location: Party Room, Invitations: Plain, Music: Band, Cleanup: Water and Soap])
8,1,0.0038760300000000004,Agent2@0,(Offer  bid:Bid[Food: Chips and Nuts, Drinks: Beer Only, Location: Party Room, Invitations: Custom, Handmade, Music: DJ, Cleanup: Specialized Materials])
8,2,0.004018705,Agent3@1,(Offer  bid:Bid[Food: Handmade Food, Drinks: Handmade Cocktails, Location: Party Room, Invitations: Custom, Printed, Music: Band, Cleanup: Water and Soap])
9,1,0.004156338333333333,Agent2@0,(Offer  bid:Bid[Food: Chips and Nuts, Drinks: Beer Only, Location: Party Room, Invitations: Custom, Handmade, Music: DJ, Cleanup: Specialized Materials])
9,2,0.004345845,Agent3@1,(Offer  bid:Bid[Food: Finger-Food, Drinks: Handmade Cocktails, Location: Party Room, Invitations: Plain, Music: MP3, Cleanup: Water and Soap])
10,1,0.004486615,Agent2@0,(Offer  bid:Bid[Food: Chips and Nuts, Drinks: Beer Only, Location: Party Room, Invitations: Custom, Handmade, Music: DJ, Cleanup: Specialized Materials])
10,2,0.0046794183333333335,Agent3@1,(Offer  bid:Bid[Food: Chips and Nuts, Drinks: Handmade Cocktails, Location: Party Room, Invitations: Custom, Printed, Music: MP3, Cleanup: Water and Soap])
11,1,0.00483743,Agent2@0,(Offer  bid:Bid[Food: Chips and Nuts, Drinks: Beer Only, Location: Party Room, Invitations: Custom, Handmade, Music: DJ, Cleanup: Specialized Materials])
11,2,0.005065488333333334,Agent3@1,(Offer  bid:Bid[Food: Catering, Drinks: Handmade Cocktails, Location: Party Room, Invitations: Custom, Printed, Music: DJ, Cleanup: Water and Soap])
12,1,0.00524299,Agent2@0,(Offer  bid:Bid[Food: Chips and Nuts, Drinks: Beer Only, Location: Party Room, Invitations: Custom, Handmade, Music: DJ, Cleanup: Specialized Materials])
12,2,0.0054172633333333334,Agent3@1,(Offer  bid:Bid[Food: Catering, Drinks: Handmade Cocktails, Location: Party Tent, Invitations: Custom, Printed, Music: MP3, Cleanup: Water and Soap])
13,1,0.005595181666666667,Agent2@0,(Offer  bid:Bid[Food: Chips and Nuts, Drinks: Beer Only, Location: Party Room, Invitations: Custom, Handmade, Music: DJ, Cleanup: Specialized Materials])
13,2,0.005790254999999999,Agent3@1,(Offer  bid:Bid[Food: Handmade Food, Drinks: Handmade Cocktails, Location: Party Room, Invitations: Plain, Music: Band, Cleanup: Water and Soap])
14,1,0.005929161666666667,Agent2@0,(Offer  bid:Bid[Food: Chips and Nuts, Drinks: Beer Only, Location: Party Room, Invitations: Custom, Handmade, Music: DJ, Cleanup: Specialized Materials])
14,2,0.006109988333333333,Agent3@1,(Offer  bid:Bid[Food: Finger-Food, Drinks: Handmade Cocktails, Location: Party Room, Invitations: Custom, Printed, Music: Band, Cleanup: Water and Soap])
15,1,0.006273928333333333,Agent2@0,(Offer  bid:Bid[Food: Chips and Nuts, Drinks: Beer Only, Location: Party Room, Invitations: Custom, Handmade, Music: DJ, Cleanup: Specialized Materials])
15,2,0.006514641666666667,Agent3@1,(Offer  bid:Bid[Food: Catering, Drinks: Handmade Cocktails, Location: Your Dorm, Invitations: Custom, Printed, Music: MP3, Cleanup: Water and Soap])
16,1,0.006693213333333334,Agent2@0,(Offer  bid:Bid[Food: Chips and Nuts, Drinks: Beer Only, Location: Party Room, Invitations: Custom, Handmade, Music: DJ, Cleanup: Specialized Materials])
16,2,0.006881313333333333,Agent3@1,(Offer  bid:Bid[Food: Chips and Nuts, Drinks: Handmade Cocktails, Location: Party Room, Invitations: Plain, Music: MP3, Cleanup: Water and Soap])
17,1,0.007082278333333333,Agent2@0,(Offer  bid:Bid[Food: Chips and Nuts, Drinks: Beer Only, Location: Party Room, Invitations: Custom, Handmade, Music: DJ, Cleanup: Specialized Materials])
17,2,0.00729322,Agent3@1,(Offer  bid:Bid[Food: Catering, Drinks: Handmade Cocktails, Location: Party Room, Invitations: Plain, Music: DJ, Cleanup: Water and Soap])
18,1,0.007597408333333333,Agent2@0,(Offer  bid:Bid[Food: Chips and Nuts, Drinks: Beer Only, Location: Party Room, Invitations: Custom, Handmade, Music: DJ, Cleanup: Specialized Materials])
18,2,0.008140735,Agent3@1,(Offer  bid:Bid[Food: Catering, Drinks: Handmade Cocktails, Location: Party Tent, Invitations: Plain, Music: MP3, Cleanup: Water and Soap])
19,1,0.008515571666666666,Agent2@0,(Offer  bid:Bid[Food: Chips and Nuts, Drinks: Beer Only, Location: Party Room, Invitations: Custom, Handmade, Music: DJ, Cleanup: Specialized Materials])
19,2,0.008873261666666667,Agent3@1,(Offer  bid:Bid[Food: Handmade Food, Drinks: Handmade Cocktails, Location: Party Room, Invitations: Custom, Printed, Music: DJ, Cleanup: Water and Soap])
20,1,0.009216233333333332,Agent2@0,(Offer  bid:Bid[Food: Chips and Nuts, Drinks: Beer Only, Location: Party Room, Invitations: Custom, Handmade, Music: DJ, Cleanup: Specialized Materials])
20,2,0.009405461666666667,Agent3@1,(Offer  bid:Bid[Food: Catering, Drinks: Handmade Cocktails, Location: Ballroom, Invitations: Custom, Printed, Music: MP3, Cleanup: Water and Soap])
21,1,0.009600909999999999,Agent2@0,(Offer  bid:Bid[Food: Chips and Nuts, Drinks: Beer Only, Location: Party Room, Invitations: Custom, Handmade, Music: DJ, Cleanup: Specialized Materials])
21,2,0.009795431666666667,Agent3@1,(Offer  bid:Bid[Food: Handmade Food, Drinks: Handmade Cocktails, Location: Party Tent, Invitations: Custom, Printed, Music: MP3, Cleanup: Water and Soap])
22,1,0.010042703333333335,Agent2@0,(Offer  bid:Bid[Food: Chips and Nuts, Drinks: Beer Only, Location: Party Room, Invitations: Custom, Handmade, Music: DJ, Cleanup: Specialized Materials])
22,2,0.010319141666666667,Agent3@1,(Offer  bid:Bid[Food: Finger-Food, Drinks: Handmade Cocktails, Location: Party Room, Invitations: Plain, Music: Band, Cleanup: Water and Soap])
23,1,0.010571958333333333,Agent2@0,(Offer  bid:Bid[Food: Chips and Nuts, Drinks: Beer Only, Location: Party Room, Invitations: Custom, Handmade, Music: DJ, Cleanup: Specialized Materials])
23,2,0.010803881666666666,Agent3@1,(Offer  bid:Bid[Food: Catering, Drinks: Handmade Cocktails, Location: Your Dorm, Invitations: Plain, Music: MP3, Cleanup: Water and Soap])
24,1,0.011019418333333333,Agent2@0,(Offer  bid:Bid[Food: Chips and Nuts, Drinks: Beer Only, Location: Party Room, Invitations: Custom, Handmade, Music: DJ, Cleanup: Specialized Materials])
24,2,0.011273785,Agent3@1,(Offer  bid:Bid[Food: Chips and Nuts, Drinks: Handmade Cocktails, Location: Party Room, Invitations: Custom, Printed, Music: Band, Cleanup: Water and Soap])
25,1,0.01153113,Agent2@0,(Offer  bid:Bid[Food: Chips and Nuts, Drinks: Beer Only, Location: Party Room, Invitations: Custom, Handmade, Music: DJ, Cleanup: Specialized Materials])
25,2,0.011803520000000001,Agent3@1,(Offer  bid:Bid[Food: Handmade Food, Drinks: Handmade Cocktails, Location: Your Dorm, Invitations: Custom, Printed, Music: MP3, Cleanup: Water and Soap])
26,1,0.012065555,Agent2@0,(Offer  bid:Bid[Food: Chips and Nuts, Drinks: Beer Only, Location: Party Room, Invitations: Custom, Handmade, Music: DJ, Cleanup: Specialized Materials])
26,2,0.01230729,Agent3@1,(Offer  bid:Bid[Food: Catering, Drinks: Handmade Cocktails, Location: Party Tent, Invitations: Custom, Printed, Music: Band, Cleanup: Water and Soap])
27,1,0.012545416666666667,Agent2@0,(Offer  bid:Bid[Food: Chips and Nuts, Drinks: Beer Only, Location: Party Room, Invitations: Custom, Handmade, Music: DJ, Cleanup: Specialized Materials])
27,2,0.01275396,Agent3@1,(Offer  bid:Bid[Food: Handmade Food, Drinks: Handmade Cocktails, Location: Party Room, Invitations: Plain, Music: DJ, Cleanup: Water and Soap])
28,1,0.012907971666666665,Agent2@0,(Offer  bid:Bid[Food: Chips and Nuts, Drinks: Beer Only, Location: Party Room, Invitations: Custom, Handmade, Music: DJ, Cleanup: Specialized Materials])
28,2,0.013086235,Agent3@1,(Offer  bid:Bid[Food: Catering, Drinks: Handmade Cocktails, Location: Ballroom, Invitations: Plain, Music: MP3, Cleanup: Water and Soap])
29,1,0.013333330000000001,Agent2@0,(Offer  bid:Bid[Food: Chips and Nuts, Drinks: Beer Only, Location: Party Room, Invitations: Custom, Handmade, Music: DJ, Cleanup: Specialized Materials])
29,2,0.013556481666666667,Agent3@1,(Offer  bid:Bid[Food: Handmade Food, Drinks: Handmade Cocktails, Location: Party Tent, Invitations: Plain, Music: MP3, Cleanup: Water and Soap])
30,1,0.013692225,Agent2@0,(Offer  bid:Bid[Food: Chips and Nuts, Drinks: Beer Only, Location: Party Room, Invitations: Custom, Handmade, Music: DJ, Cleanup: Specialized Materials])
30,2,0.013879518333333334,Agent3@1,(Offer  bid:Bid[Food: Finger-Food, Drinks: Handmade Cocktails, Location: Party Room, Invitations: Custom, Printed, Music: DJ, Cleanup: Water and Soap])
31,1,0.014097963333333333,Agent2@0,(Offer  bid:Bid[Food: Chips and Nuts, Drinks: Beer Only, Location: Party Room, Invitations: Custom, Handmade, Music: DJ, Cleanup: Specialized Materials])
31,2,0.014239313333333333,Agent3@1,(Offer  bid:Bid[Food: Handmade Food, Drinks: Handmade Cocktails, Location: Ballroom, Invitations: Custom, Printed, Music: MP3, Cleanup: Water and Soap])
32,1,0.014463125,Agent2@0,(Offer  bid:Bid[Food: Chips and Nuts, Drinks: Beer Only, Location: Party Room, Invitations: Custom, Handmade, Music: DJ, Cleanup: Specialized Materials])
32,2,0.014608485000000001,Agent3@1,(Offer  bid:Bid[Food: Catering, Drinks: Handmade Cocktails, Location: Your Dorm, Invitations: Custom, Printed, Music: Band, Cleanup: Water and Soap])
33,1,0.01476377,Agent2@0,(Offer  bid:Bid[Food: Chips and Nuts, Drinks: Beer Only, Location: Party Room, Invitations: Custom, Handmade, Music: DJ, Cleanup: Specialized Materials])
33,2,0.014887448333333332,Agent3@1,(Offer  bid:Bid[Food: Finger-Food, Drinks: Handmade Cocktails, Location: Party Tent, Invitations: Custom, Printed, Music: MP3, Cleanup: Water and Soap])
34,1,0.015041655,Agent2@0,(Offer  bid:Bid[Food: Chips and Nuts, Drinks: Beer Only, Location: Party Room, Invitations: Custom, Handmade, Music: DJ, Cleanup: Specialized Materials])
34,2,0.015258973333333333,Agent3@1,(Offer  bid:Bid[Food: Chips and Nuts, Drinks: Handmade Cocktails, Location: Party Room, Invitations: Plain, Music: Band, Cleanup: Water and Soap])
35,1,0.015471823333333332,Agent2@0,(Offer  bid:Bid[Food: Chips and Nuts, Drinks: Beer Only, Location: Party Room, Invitations: Custom, Handmade, Music: DJ, Cleanup: Specialized Materials])
35,2,0.015695991666666666,Agent3@1,(Offer  bid:Bid[Food: Handmade Food, Drinks: Handmade Cocktails, Location: Your Dorm, Invitations: Plain, Music: MP3, Cleanup: Water and Soap])
36,1,0.015910001666666666,Agent2@0,(Offer  bid:Bid[Food: Chips and Nuts, Drinks: Beer Only, Location: Party Room, Invitations: Custom, Handmade, Music: DJ, Cleanup: Specialized Materials])
36,2,0.016115651666666668,Agent3@1,(Offer  bid:Bid[Food: Catering, Drinks: Handmade Cocktails, Location: Party Tent, Invitations: Plain, Music: Band, Cleanup: Water and Soap])
37,1,0.01630063,Agent2@0,(Offer  bid:Bid[Food: Chips and Nuts, Drinks: Beer Only, Location: Party Room, Invitations: Custom, Handmade, Music: DJ, Cleanup: Specialized Materials])
37,2,0.016465061666666666,Agent3@1,(Offer  bid:Bid[Food: Catering, Drinks: Handmade Cocktails, Location: Ballroom, Invitations: Custom, Printed, Music: Band, Cleanup: Water and Soap])
38,1,0.016674466666666665,Agent2@0,(Offer  bid:Bid[Food: Chips and Nuts, Drinks: Beer Only, Location: Party Room, Invitations: Custom, Handmade, Music: DJ, Cleanup: Specialized Materials])
38,2,0.016894433333333334,Agent3@1,(Offer  bid:Bid[Food: Finger-Food, Drinks: Handmade Cocktails, Location: Your Dorm, Invitations: Custom, Printed, Music: MP3, Cleanup: Water and Soap])
39,1,0.017089646666666666,Agent2@0,(Offer  bid:Bid[Food: Chips and Nuts, Drinks: Beer Only, Location: Party Room, Invitations: Custom, Handmade, Music: DJ, Cleanup: Specialized Materials])
39,2,0.017222728333333333,Agent3@1,(Offer  bid:Bid[Food: Handmade Food, Drinks: Handmade Cocktails, Location: Party Tent, Invitations: Custom, Printed, Music: Band, Cleanup: Water and Soap])
40,1,0.017440426666666668,Agent2@0,(Offer  bid:Bid[Food: Chips and Nuts, Drinks: Beer Only, Location: Party Room, Invitations: Custom, Handmade, Music: DJ, Cleanup: Specialized Materials])
40,2,0.01767433666666667,Agent3@1,(Offer  bid:Bid[Food: Finger-Food, Drinks: Handmade Cocktails, Location: Party Room, Invitations: Plain, Music: DJ, Cleanup: Water and Soap])
41,1,0.017925838333333333,Agent2@0,(Offer  bid:Bid[Food: Chips and Nuts, Drinks: Beer Only, Location: Party Room, Invitations: Custom, Handmade, Music: DJ, Cleanup: Specialized Materials])
41,2,0.01813451333333333,Agent3@1,(Offer  bid:Bid[Food: Handmade Food, Drinks: Handmade Cocktails, Location: Ballroom, Invitations: Plain, Music: MP3, Cleanup: Water and Soap])
42,1,0.018386233333333335,Agent2@0,(Offer  bid:Bid[Food: Chips and Nuts, Drinks: Beer Only, Location: Party Room, Invitations: Custom, Handmade, Music: DJ, Cleanup: Specialized Materials])
42,2,0.018524848333333333,Agent3@1,(Offer  bid:Bid[Food: Catering, Drinks: Handmade Cocktails, Location: Your Dorm, Invitations: Plain, Music: Band, Cleanup: Water and Soap])
43,1,0.01872977,Agent2@0,(Offer  bid:Bid[Food: Chips and Nuts, Drinks: Beer Only, Location: Party Room, Invitations: Custom, Handmade, Music: DJ, Cleanup: Specialized Materials])
43,2,0.018960289999999998,Agent3@1,(Offer  bid:Bid[Food: Finger-Food, Drinks: Handmade Cocktails, Location: Party Tent, Invitations: Plain, Music: MP3, Cleanup: Water and Soap])
44,1,0.019186948333333335,Agent2@0,(Offer  bid:Bid[Food: Chips and Nuts, Drinks: Beer Only, Location: Party Room, Invitations: Custom, Handmade, Music: DJ, Cleanup: Specialized Materials])
44,2,0.019417583333333332,Agent3@1,(Offer  bid:Bid[Food: Chips and Nuts, Drinks: Handmade Cocktails, Location: Party Room, Invitations: Custom, Printed, Music: DJ, Cleanup: Water and Soap])
45,1,0.019702604999999998,Agent2@0,(Offer  bid:Bid[Food: Chips and Nuts, Drinks: Beer Only, Location: Party Room, Invitations: Custom, Handmade, Music: DJ, Cleanup: Specialized Materials])
45,2,0.019966263333333335,Agent3@1,(Offer  bid:Bid[Food: Finger-Food, Drinks: Handmade Cocktails, Location: Ballroom, Invitations: Custom, Printed, Music: MP3, Cleanup: Water and Soap])
46,1,0.020282913333333333,Agent2@0,(Offer  bid:Bid[Food: Chips and Nuts, Drinks: Beer Only, Location: Party Room, Invitations: Custom, Handmade, Music: DJ, Cleanup: Specialized Materials])
46,2,0.020558399999999998,Agent3@1,(Offer  bid:Bid[Food: Handmade Food, Drinks: Handmade Cocktails, Location: Your Dorm, Invitations: Custom, Printed, Music: Band, Cleanup: Water and Soap])
47,1,0.020817851666666668,Agent2@0,(Offer  bid:Bid[Food: Chips and Nuts, Drinks: Beer Only, Location: Party Room, Invitations: Custom, Handmade, Music: DJ, Cleanup: Specialized Materials])
47,2,0.02100790666666667,Agent3@1,(Offer  bid:Bid[Food: Chips and Nuts, Drinks: Handmade Cocktails, Location: Party Tent, Invitations: Custom, Printed, Music: MP3, Cleanup: Water and Soap])
48,1,0.021238428333333333,Agent2@0,(Offer  bid:Bid[Food: Chips and Nuts, Drinks: Beer Only, Location: Party Room, Invitations: Custom, Handmade, Music: DJ, Cleanup: Specialized Materials])
48,2,0.02146602333333333,Agent3@1,(Offer  bid:Bid[Food: Catering, Drinks: Handmade Cocktails, Location: Party Tent, Invitations: Custom, Printed, Music: DJ, Cleanup: Water and Soap])
49,1,0.02167829166666667,Agent2@0,(Offer  bid:Bid[Food: Chips and Nuts, Drinks: Beer Only, Location: Party Room, Invitations: Custom, Handmade, Music: DJ, Cleanup: Specialized Materials])
49,2,0.021822961666666665,Agent3@1,(Offer  bid:Bid[Food: Catering, Drinks: Handmade Cocktails, Location: Ballroom, Invitations: Plain, Music: Band, Cleanup: Water and Soap])
50,1,0.022076461666666665,Agent2@0,(Offer  bid:Bid[Food: Chips and Nuts, Drinks: Beer Only, Location: Party Room, Invitations: Custom, Handmade, Music: DJ, Cleanup: Specialized Materials])
50,2,0.022271395000000003,Agent3@1,(Offer  bid:Bid[Food: Finger-Food, Drinks: Handmade Cocktails, Location: Your Dorm, Invitations: Plain, Music: MP3, Cleanup: Water and Soap])
51,1,0.022545303333333332,Agent2@0,(Offer  bid:Bid[Food: Chips and Nuts, Drinks: Beer Only, Location: Party Room, Invitations: Custom, Handmade, Music: DJ, Cleanup: Specialized Materials])
51,2,0.02277309,Agent3@1,(Offer  bid:Bid[Food: Handmade Food, Drinks: Handmade Cocktails, Location: Party Tent, Invitations: Plain, Music: Band, Cleanup: Water and Soap])
52,1,0.022922001666666667,Agent2@0,(Offer  bid:Bid[Food: Chips and Nuts, Drinks: Beer Only, Location: Party Room, Invitations: Custom, Handmade, Music: DJ, Cleanup: Specialized Materials])
52,2,0.023095811666666667,Agent3@1,(Offer  bid:Bid[Food: Handmade Food, Drinks: Handmade Cocktails, Location: Ballroom, Invitations: Custom, Printed, Music: Band, Cleanup: Water and Soap])
53,1,0.023354111666666667,Agent2@0,(Offer  bid:Bid[Food: Chips and Nuts, Drinks: Beer Only, Location: Party Room, Invitations: Custom, Handmade, Music: DJ, Cleanup: Specialized Materials])
53,2,0.023612798333333334,Agent3@1,(Offer  bid:Bid[Food: Chips and Nuts, Drinks: Handmade Cocktails, Location: Your Dorm, Invitations: Custom, Printed, Music: MP3, Cleanup: Water and Soap])
54,1,0.02374785,Agent2@0,(Offer  bid:Bid[Food: Chips and Nuts, Drinks: Beer Only, Location: Party Room, Invitations: Custom, Handmade, Music: DJ, Cleanup: Specialized Materials])
54,2,0.023952188333333332,Agent3@1,(Offer  bid:Bid[Food: Catering, Drinks: Handmade Cocktails, Location: Your Dorm, Invitations: Custom, Printed, Music: DJ, Cleanup: Water and Soap])
55,1,0.024217910000000002,Agent2@0,(Offer  bid:Bid[Food: Chips and Nuts, Drinks: Beer Only, Location: Party Room, Invitations: Custom, Handmade, Music: DJ, Cleanup: Specialized Materials])
55,2,0.024364715,Agent3@1,(Offer  bid:Bid[Food: Finger-Food, Drinks: Handmade Cocktails, Location: Party Tent, Invitations: Custom, Printed, Music: Band, Cleanup: Water and Soap])
56,1,0.024598181666666667,Agent2@0,(Offer  bid:Bid[Food: Chips and Nuts, Drinks: Beer Only, Location: Party Room, Invitations: Custom, Handmade, Music: DJ, Cleanup: Specialized Materials])
56,2,0.024740525,Agent3@1,(Offer  bid:Bid[Food: Chips and Nuts, Drinks: Handmade Cocktails, Location: Party Room, Invitations: Plain, Music: DJ, Cleanup: Water and Soap])
57,1,0.024980951666666664,Agent2@0,(Offer  bid:Bid[Food: Chips and Nuts, Drinks: Beer Only, Location: Party Room, Invitations: Custom, Handmade, Music: DJ, Cleanup: Specialized Materials])
57,2,0.025172351666666665,Agent3@1,(Offer  bid:Bid[Food: Finger-Food, Drinks: Handmade Cocktails, Location: Ballroom, Invitations: Plain, Music: MP3, Cleanup: Water and Soap])
58,1,0.02539893,Agent2@0,(Offer  bid:Bid[Food: Chips and Nuts, Drinks: Beer Only, Location: Party Room, Invitations: Custom, Handmade, Music: DJ, Cleanup: Specialized Materials])
58,2,0.025646676666666667,Agent3@1,(Offer  bid:Bid[Food: Handmade Food, Drinks: Handmade Cocktails, Location: Your Dorm, Invitations: Plain, Music: Band, Cleanup: Water and Soap])
59,1,0.025907806666666665,Agent2@0,(Offer  bid:Bid[Food: Chips and Nuts, Drinks: Beer Only, Location: Party Room, Invitations: Custom, Handmade, Music: DJ, Cleanup: Specialized Materials])
59,2,0.026114256666666665,Agent3@1,(Offer  bid:Bid[Food: Chips and Nuts, Drinks: Handmade Cocktails, Location: Party Tent, Invitations: Plain, Music: MP3, Cleanup: Water and Soap])
60,1,0.026395785,Agent2@0,(Offer  bid:Bid[Food: Chips and Nuts, Drinks: Beer Only, Location: Party Room, Invitations: Custom, Handmade, Music: DJ, Cleanup: Specialized Materials])
60,2,0.026605736666666668,Agent3@1,(Offer  bid:Bid[Food: Catering, Drinks: Handmade Cocktails, Location: Party Tent, Invitations: Plain, Music: DJ, Cleanup: Water and Soap])
61,1,0.02690283166666667,Agent2@0,(Offer  bid:Bid[Food: Chips and Nuts, Drinks: Beer Only, Location: Party Room, Invitations: Custom, Handmade, Music: DJ, Cleanup: Specialized Materials])
61,2,0.02708662833333333,Agent3@1,(Offer  bid:Bid[Food: Chips and Nuts, Drinks: Handmade Cocktails, Location: Ballroom, Invitations: Custom, Printed, Music: MP3, Cleanup: Water and Soap])
62,1,0.02728139833333333,Agent2@0,(Offer  bid:Bid[Food: Chips and Nuts, Drinks: Beer Only, Location: Party Room, Invitations: Custom, Handmade, Music: DJ, Cleanup: Specialized Materials])
62,2,0.02752025666666667,Agent3@1,(Offer  bid:Bid[Food: Catering, Drinks: Handmade Cocktails, Location: Ballroom, Invitations: Custom, Printed, Music: DJ, Cleanup: Water and Soap])
63,1,0.027649108333333335,Agent2@0,(Offer  bid:Bid[Food: Chips and Nuts, Drinks: Beer Only, Location: Party Room, Invitations: Custom, Handmade, Music: DJ, Cleanup: Specialized Materials])
63,2,0.027836943333333333,Agent3@1,(Offer  bid:Bid[Food: Finger-Food, Drinks: Handmade Cocktails, Location: Your Dorm, Invitations: Custom, Printed, Music: Band, Cleanup: Water and Soap])
64,1,0.02807979,Agent2@0,(Offer  bid:Bid[Food: Chips and Nuts, Drinks: Beer Only, Location: Party Room, Invitations: Custom, Handmade, Music: DJ, Cleanup: Specialized Materials])
64,2,0.028223215000000003,Agent3@1,(Offer  bid:Bid[Food: Catering, Drinks: Non-Alcoholic, Location: Party Room, Invitations: Custom, Printed, Music: MP3, Cleanup: Water and Soap])
65,1,0.028399351666666666,Agent2@0,(Offer  bid:Bid[Food: Chips and Nuts, Drinks: Beer Only, Location: Party Room, Invitations: Custom, Handmade, Music: DJ, Cleanup: Specialized Materials])
65,2,0.028518803333333335,Agent3@1,(Offer  bid:Bid[Food: Catering, Drinks: Handmade Cocktails, Location: Party Room, Invitations: Custom, Printed, Music: MP3, Cleanup: Specialized Materials])
66,1,0.028751935,Agent2@0,(Offer  bid:Bid[Food: Chips and Nuts, Drinks: Beer Only, Location: Party Room, Invitations: Custom, Handmade, Music: DJ, Cleanup: Specialized Materials])
66,2,0.028885761666666666,Agent3@1,(Offer  bid:Bid[Food: Handmade Food, Drinks: Handmade Cocktails, Location: Party Tent, Invitations: Custom, Printed, Music: DJ, Cleanup: Water and Soap])
67,1,0.029021861666666666,Agent2@0,(Offer  bid:Bid[Food: Chips and Nuts, Drinks: Beer Only, Location: Party Room, Invitations: Custom, Handmade, Music: DJ, Cleanup: Specialized Materials])
67,2,0.029161346666666664,Agent3@1,(Offer  bid:Bid[Food: Handmade Food, Drinks: Handmade Cocktails, Location: Ballroom, Invitations: Plain, Music: Band, Cleanup: Water and Soap])
68,1,0.02931058333333333,Agent2@0,(Offer  bid:Bid[Food: Chips and Nuts, Drinks: Beer Only, Location: Party Room, Invitations: Custom, Handmade, Music: DJ, Cleanup: Specialized Materials])
68,2,0.029446530000000002,Agent3@1,(Offer  bid:Bid[Food: Chips and Nuts, Drinks: Handmade Cocktails, Location: Your Dorm, Invitations: Plain, Music: MP3, Cleanup: Water and Soap])
69,1,0.029655184999999997,Agent2@0,(Offer  bid:Bid[Food: Chips and Nuts, Drinks: Beer Only, Location: Party Room, Invitations: Custom, Handmade, Music: DJ, Cleanup: Specialized Materials])
69,2,0.029833128333333334,Agent3@1,(Offer  bid:Bid[Food: Catering, Drinks: Handmade Cocktails, Location: Your Dorm, Invitations: Plain, Music: DJ, Cleanup: Water and Soap])
70,1,0.030046803333333334,Agent2@0,(Offer  bid:Bid[Food: Chips and Nuts, Drinks: Beer Only, Location: Party Room, Invitations: Custom, Handmade, Music: DJ, Cleanup: Specialized Materials])
70,2,0.030199306666666665,Agent3@1,(Offer  bid:Bid[Food: Finger-Food, Drinks: Handmade Cocktails, Location: Party Tent, Invitations: Plain, Music: Band, Cleanup: Water and Soap])
71,1,0.030357688333333334,Agent2@0,(Offer  bid:Bid[Food: Chips and Nuts, Drinks: Beer Only, Location: Party Room, Invitations: Custom, Handmade, Music: DJ, Cleanup: Specialized Materials])
71,2,0.03055604,Agent3@1,(Offer  bid:Bid[Food: Catering, Drinks: Handmade Cocktails, Location: Party Room, Invitations: Photo, Music: MP3, Cleanup: Water and Soap])
72,1,0.030680901666666666,Agent2@0,(Offer  bid:Bid[Food: Chips and Nuts, Drinks: Beer Only, Location: Party Room, Invitations: Custom, Handmade, Music: DJ, Cleanup: Specialized Materials])
72,2,0.030844028333333332,Agent3@1,(Offer  bid:Bid[Food: Finger-Food, Drinks: Handmade Cocktails, Location: Ballroom, Invitations: Custom, Printed, Music: Band, Cleanup: Water and Soap])
73,1,0.03097642,Agent2@0,(Offer  bid:Bid[Food: Chips and Nuts, Drinks: Beer Only, Location: Party Room, Invitations: Custom, Handmade, Music: DJ, Cleanup: Specialized Materials])
73,2,0.031167265,Agent3@1,(Offer  bid:Bid[Food: Handmade Food, Drinks: Handmade Cocktails, Location: Your Dorm, Invitations: Custom, Printed, Music: DJ, Cleanup: Water and Soap])
74,1,0.03140064833333333,Agent2@0,(Offer  bid:Bid[Food: Chips and Nuts, Drinks: Beer Only, Location: Party Room, Invitations: Custom, Handmade, Music: DJ, Cleanup: Specialized Materials])
74,2,0.031625436666666666,Agent3@1,(Offer  bid:Bid[Food: Chips and Nuts, Drinks: Handmade Cocktails, Location: Party Tent, Invitations: Custom, Printed, Music: Band, Cleanup: Water and Soap])
75,1,0.031817341666666665,Agent2@0,(Offer  bid:Bid[Food: Chips and Nuts, Drinks: Beer Only, Location: Party Room, Invitations: Custom, Handmade, Music: DJ, Cleanup: Specialized Materials])
75,2,0.031994401666666665,Agent3@1,(Offer  bid:Bid[Food: Chips and Nuts, Drinks: Handmade Cocktails, Location: Ballroom, Invitations: Plain, Music: MP3, Cleanup: Water and Soap])
76,1,0.0321925,Agent2@0,(Offer  bid:Bid[Food: Chips and Nuts, Drinks: Beer Only, Location: Party Room, Invitations: Custom, Handmade, Music: DJ, Cleanup: Specialized Materials])
76,2,0.032402933333333335,Agent3@1,(Offer  bid:Bid[Food: Catering, Drinks: Handmade Cocktails, Location: Ballroom, Invitations: Plain, Music: DJ, Cleanup: Water and Soap])
77,1,0.032631871666666666,Agent2@0,(Offer  bid:Bid[Food: Chips and Nuts, Drinks: Beer Only, Location: Party Room, Invitations: Custom, Handmade, Music: DJ, Cleanup: Specialized Materials])
77,2,0.032810465,Agent3@1,(Offer  bid:Bid[Food: Finger-Food, Drinks: Handmade Cocktails, Location: Your Dorm, Invitations: Plain, Music: Band, Cleanup: Water and Soap])
78,1,0.032971256666666664,Agent2@0,(Offer  bid:Bid[Food: Chips and Nuts, Drinks: Beer Only, Location: Party Room, Invitations: Custom, Handmade, Music: DJ, Cleanup: Specialized Materials])
78,2,0.033136261666666667,Agent3@1,(Offer  bid:Bid[Food: Catering, Drinks: Non-Alcoholic, Location: Party Room, Invitations: Plain, Music: MP3, Cleanup: Water and Soap])
79,1,0.033268661666666664,Agent2@0,(Offer  bid:Bid[Food: Chips and Nuts, Drinks: Beer Only, Location: Party Room, Invitations: Custom, Handmade, Music: DJ, Cleanup: Specialized Materials])
79,2,0.033483418333333334,Agent3@1,(Offer  bid:Bid[Food: Catering, Drinks: Handmade Cocktails, Location: Party Room, Invitations: Plain, Music: MP3, Cleanup: Specialized Materials])
80,1,0.03362271666666667,Agent2@0,(Offer  bid:Bid[Food: Chips and Nuts, Drinks: Beer Only, Location: Party Room, Invitations: Custom, Handmade, Music: DJ, Cleanup: Specialized Materials])
80,2,0.03373548333333333,Agent3@1,(Offer  bid:Bid[Food: Handmade Food, Drinks: Handmade Cocktails, Location: Party Tent, Invitations: Plain, Music: DJ, Cleanup: Water and Soap])
81,1,0.033941365,Agent2@0,(Offer  bid:Bid[Food: Chips and Nuts, Drinks: Beer Only, Location: Party Room, Invitations: Custom, Handmade, Music: DJ, Cleanup: Specialized Materials])
81,2,0.03418098,Agent3@1,(Offer  bid:Bid[Food: Catering, Drinks: Beer Only, Location: Party Room, Invitations: Custom, Printed, Music: MP3, Cleanup: Water and Soap])
82,1,0.034322718333333335,Agent2@0,(Offer  bid:Bid[Food: Chips and Nuts, Drinks: Beer Only, Location: Party Room, Invitations: Custom, Handmade, Music: DJ, Cleanup: Specialized Materials])
82,2,0.03447374833333334,Agent3@1,(Offer  bid:Bid[Food: Handmade Food, Drinks: Handmade Cocktails, Location: Ballroom, Invitations: Custom, Printed, Music: DJ, Cleanup: Water and Soap])
83,1,0.03459574333333334,Agent2@0,(Offer  bid:Bid[Food: Chips and Nuts, Drinks: Beer Only, Location: Party Room, Invitations: Custom, Handmade, Music: DJ, Cleanup: Specialized Materials])
83,2,0.034764301666666664,Agent3@1,(Offer  bid:Bid[Food: Chips and Nuts, Drinks: Handmade Cocktails, Location: Your Dorm, Invitations: Custom, Printed, Music: Band, Cleanup: Water and Soap])
84,1,0.03488787333333333,Agent2@0,(Offer  bid:Bid[Food: Chips and Nuts, Drinks: Beer Only, Location: Party Room, Invitations: Custom, Handmade, Music: DJ, Cleanup: Specialized Materials])
84,2,0.03500150666666667,Agent3@1,(Offer  bid:Bid[Food: Handmade Food, Drinks: Non-Alcoholic, Location: Party Room, Invitations: Custom, Printed, Music: MP3, Cleanup: Water and Soap])
85,1,0.03515419833333333,Agent2@0,(Offer  bid:Bid[Food: Chips and Nuts, Drinks: Beer Only, Location: Party Room, Invitations: Custom, Handmade, Music: DJ, Cleanup: Specialized Materials])
85,2,0.035338111666666665,Agent3@1,(Offer  bid:Bid[Food: Handmade Food, Drinks: Handmade Cocktails, Location: Party Room, Invitations: Custom, Printed, Music: MP3, Cleanup: Specialized Materials])
86,1,0.03547909666666667,Agent2@0,(Offer  bid:Bid[Food: Chips and Nuts, Drinks: Beer Only, Location: Party Room, Invitations: Custom, Handmade, Music: DJ, Cleanup: Specialized Materials])
86,2,0.03569100333333333,Agent3@1,(Offer  bid:Bid[Food: Finger-Food, Drinks: Handmade Cocktails, Location: Party Tent, Invitations: Custom, Printed, Music: DJ, Cleanup: Water and Soap])
87,1,0.03583252833333333,Agent2@0,(Offer  bid:Bid[Food: Chips and Nuts, Drinks: Beer Only, Location: Party Room, Invitations: Custom, Handmade, Music: DJ, Cleanup: Specialized Materials])
87,2,0.03594245333333333,Agent3@1,(Offer  bid:Bid[Food: Catering, Drinks: Handmade Cocktails, Location: Party Room, Invitations: Custom, Printed, Music: MP3, Cleanup: Hired Help])
88,1,0.036102858333333335,Agent2@0,(Offer  bid:Bid[Food: Chips and Nuts, Drinks: Beer Only, Location: Party Room, Invitations: Custom, Handmade, Music: DJ, Cleanup: Specialized Materials])
88,2,0.036282796666666665,Agent3@1,(Offer  bid:Bid[Food: Catering, Drinks: Handmade Cocktails, Location: Party Room, Invitations: Custom, Handmade, Music: MP3, Cleanup: Water and Soap])
89,1,0.036445588333333334,Agent2@0,(Offer  bid:Bid[Food: Chips and Nuts, Drinks: Beer Only, Location: Party Room, Invitations: Custom, Handmade, Music: DJ, Cleanup: Specialized Materials])
89,2,0.03658477,Agent3@1,(Offer  bid:Bid[Food: Finger-Food, Drinks: Handmade Cocktails, Location: Ballroom, Invitations: Plain, Music: Band, Cleanup: Water and Soap])
90,1,0.03674561166666667,Agent2@0,(Offer  bid:Bid[Food: Chips and Nuts, Drinks: Beer Only, Location: Party Room, Invitations: Custom, Handmade, Music: DJ, Cleanup: Specialized Materials])
90,2,0.036846005,Agent3@1,(Offer  bid:Bid[Food: Handmade Food, Drinks: Handmade Cocktails, Location: Your Dorm, Invitations: Plain, Music: DJ, Cleanup: Water and Soap])
91,1,0.03697413,Agent2@0,(Offer  bid:Bid[Food: Chips and Nuts, Drinks: Beer Only, Location: Party Room, Invitations: Custom, Handmade, Music: DJ, Cleanup: Specialized Materials])
91,2,0.03714082,Agent3@1,(Offer  bid:Bid[Food: Chips and Nuts, Drinks: Handmade Cocktails, Location: Party Tent, Invitations: Plain, Music: Band, Cleanup: Water and Soap])
92,1,0.03727211666666667,Agent2@0,(Offer  bid:Bid[Food: Chips and Nuts, Drinks: Beer Only, Location: Party Room, Invitations: Custom, Handmade, Music: DJ, Cleanup: Specialized Materials])
92,2,0.03737823,Agent3@1,(Offer  bid:Bid[Food: Handmade Food, Drinks: Handmade Cocktails, Location: Party Room, Invitations: Photo, Music: MP3, Cleanup: Water and Soap])
93,1,0.037505229999999994,Agent2@0,(Offer  bid:Bid[Food: Chips and Nuts, Drinks: Beer Only, Location: Party Room, Invitations: Custom, Handmade, Music: DJ, Cleanup: Specialized Materials])
93,2,0.03763974333333333,Agent3@1,(Offer  bid:Bid[Food: Chips and Nuts, Drinks: Handmade Cocktails, Location: Ballroom, Invitations: Custom, Printed, Music: Band, Cleanup: Water and Soap])
94,1,0.037776174999999995,Agent2@0,(Offer  bid:Bid[Food: Chips and Nuts, Drinks: Beer Only, Location: Party Room, Invitations: Custom, Handmade, Music: DJ, Cleanup: Specialized Materials])
94,2,0.037881565,Agent3@1,(Offer  bid:Bid[Food: Catering, Drinks: Beer Only, Location: Party Room, Invitations: Plain, Music: MP3, Cleanup: Water and Soap])
95,1,0.038058988333333335,Agent2@0,(Offer  bid:Bid[Food: Chips and Nuts, Drinks: Beer Only, Location: Party Room, Invitations: Custom, Handmade, Music: DJ, Cleanup: Specialized Materials])
95,2,0.038188315,Agent3@1,(Offer  bid:Bid[Food: Finger-Food, Drinks: Handmade Cocktails, Location: Your Dorm, Invitations: Custom, Printed, Music: DJ, Cleanup: Water and Soap])
96,1,0.03833721166666667,Agent2@0,(Offer  bid:Bid[Food: Chips and Nuts, Drinks: Beer Only, Location: Party Room, Invitations: Custom, Handmade, Music: DJ, Cleanup: Specialized Materials])
96,2,0.038455883333333336,Agent3@1,(Offer  bid:Bid[Food: Catering, Drinks: Non-Alcoholic, Location: Party Room, Invitations: Custom, Printed, Music: Band, Cleanup: Water and Soap])
97,1,0.038610685,Agent2@0,(Offer  bid:Bid[Food: Chips and Nuts, Drinks: Beer Only, Location: Party Room, Invitations: Custom, Handmade, Music: DJ, Cleanup: Specialized Materials])
97,2,0.038724800000000004,Agent3@1,(Offer  bid:Bid[Food: Catering, Drinks: Handmade Cocktails, Location: Party Room, Invitations: Custom, Printed, Music: Band, Cleanup: Specialized Materials])
98,1,0.03887730333333333,Agent2@0,(Offer  bid:Bid[Food: Chips and Nuts, Drinks: Beer Only, Location: Party Room, Invitations: Custom, Handmade, Music: DJ, Cleanup: Specialized Materials])
98,2,0.039013115,Agent3@1,(Offer  bid:Bid[Food: Catering, Drinks: Catering, Location: Party Room, Invitations: Custom, Printed, Music: MP3, Cleanup: Water and Soap])
99,1,0.039161815,Agent2@0,(Offer  bid:Bid[Food: Chips and Nuts, Drinks: Beer Only, Location: Party Room, Invitations: Custom, Handmade, Music: DJ, Cleanup: Specialized Materials])
99,2,0.039268511666666665,Agent3@1,(Offer  bid:Bid[Food: Handmade Food, Drinks: Handmade Cocktails, Location: Ballroom, Invitations: Plain, Music: DJ, Cleanup: Water and Soap])
100,1,0.039497333333333336,Agent2@0,(Offer  bid:Bid[Food: Chips and Nuts, Drinks: Beer Only, Location: Party Room, Invitations: Custom, Handmade, Music: DJ, Cleanup: Specialized Materials])
100,2,0.03962035,Agent3@1,(Offer  bid:Bid[Food: Chips and Nuts, Drinks: Handmade Cocktails, Location: Your Dorm, Invitations: Plain, Music: Band, Cleanup: Water and Soap])
101,1,0.03975751,Agent2@0,(Offer  bid:Bid[Food: Chips and Nuts, Drinks: Beer Only, Location: Party Room, Invitations: Custom, Handmade, Music: DJ, Cleanup: Specialized Materials])
101,2,0.039886485,Agent3@1,(Offer  bid:Bid[Food: Handmade Food, Drinks: Non-Alcoholic, Location: Party Room, Invitations: Plain, Music: MP3, Cleanup: Water and Soap])
102,1,0.04003122833333333,Agent2@0,(Offer  bid:Bid[Food: Chips and Nuts, Drinks: Beer Only, Location: Party Room, Invitations: Custom, Handmade, Music: DJ, Cleanup: Specialized Materials])
102,2,0.040164265000000005,Agent3@1,(Offer  bid:Bid[Food: Handmade Food, Drinks: Handmade Cocktails, Location: Party Room, Invitations: Plain, Music: MP3, Cleanup: Specialized Materials])
103,1,0.04034555333333333,Agent2@0,(Offer  bid:Bid[Food: Chips and Nuts, Drinks: Beer Only, Location: Party Room, Invitations: Custom, Handmade, Music: DJ, Cleanup: Specialized Materials])
103,2,0.040540429999999995,Agent3@1,(Offer  bid:Bid[Food: Finger-Food, Drinks: Handmade Cocktails, Location: Party Tent, Invitations: Plain, Music: DJ, Cleanup: Water and Soap])
104,1,0.04068762,Agent2@0,(Offer  bid:Bid[Food: Chips and Nuts, Drinks: Beer Only, Location: Party Room, Invitations: Custom, Handmade, Music: DJ, Cleanup: Specialized Materials])
104,2,0.04091007,Agent3@1,(Offer  bid:Bid[Food: Catering, Drinks: Handmade Cocktails, Location: Party Room, Invitations: Plain, Music: MP3, Cleanup: Hired Help])
105,1,0.04117277,Agent2@0,(Offer  bid:Bid[Food: Chips and Nuts, Drinks: Beer Only, Location: Party Room, Invitations: Custom, Handmade, Music: DJ, Cleanup: Specialized Materials])
105,2,0.04137146,Agent3@1,(Offer  bid:Bid[Food: Handmade Food, Drinks: Beer Only, Location: Party Room, Invitations: Custom, Printed, Music: MP3, Cleanup: Water and Soap])
106,1,0.041564790000000004,Agent2@0,(Offer  bid:Bid[Food: Chips and Nuts, Drinks: Beer Only, Location: Party Room, Invitations: Custom, Handmade, Music: DJ, Cleanup: Specialized Materials])
106,2,0.041699759999999995,Agent3@1,(Offer  bid:Bid[Food: Catering, Drinks: Handmade Cocktails, Location: Party Room, Invitations: Photo, Music: Band, Cleanup: Water and Soap])
107,1,0.04181817166666667,Agent2@0,(Offer  bid:Bid[Food: Chips and Nuts, Drinks: Beer Only, Location: Party Room, Invitations: Custom, Handmade, Music: DJ, Cleanup: Specialized Materials])
107,2,0.04198439666666667,Agent3@1,(Offer  bid:Bid[Food: Finger-Food, Drinks: Handmade Cocktails, Location: Ballroom, Invitations: Custom, Printed, Music: DJ, Cleanup: Water and Soap])
108,1,0.04217914,Agent2@0,(Offer  bid:Bid[Food: Chips and Nuts, Drinks: Beer Only, Location: Party Room, Invitations: Custom, Handmade, Music: DJ, Cleanup: Specialized Materials])
108,2,0.042295885000000005,Agent3@1,(Offer  bid:Bid[Food: Finger-Food, Drinks: Non-Alcoholic, Location: Party Room, Invitations: Custom, Printed, Music: MP3, Cleanup: Water and Soap])
109,1,0.042473115,Agent2@0,(Offer  bid:Bid[Food: Chips and Nuts, Drinks: Beer Only, Location: Party Room, Invitations: Custom, Handmade, Music: DJ, Cleanup: Specialized Materials])
109,2,0.04258234833333333,Agent3@1,(Offer  bid:Bid[Food: Finger-Food, Drinks: Handmade Cocktails, Location: Party Room, Invitations: Custom, Printed, Music: MP3, Cleanup: Specialized Materials])
110,1,0.042698864999999996,Agent2@0,(Offer  bid:Bid[Food: Chips and Nuts, Drinks: Beer Only, Location: Party Room, Invitations: Custom, Handmade, Music: DJ, Cleanup: Specialized Materials])
110,2,0.042844315,Agent3@1,(Offer  bid:Bid[Food: Chips and Nuts, Drinks: Handmade Cocktails, Location: Party Tent, Invitations: Custom, Printed, Music: DJ, Cleanup: Water and Soap])
111,1,0.043034836666666666,Agent2@0,(Offer  bid:Bid[Food: Chips and Nuts, Drinks: Beer Only, Location: Party Room, Invitations: Custom, Handmade, Music: DJ, Cleanup: Specialized Materials])
111,2,0.04314479833333333,Agent3@1,(Offer  bid:Bid[Food: Handmade Food, Drinks: Handmade Cocktails, Location: Party Room, Invitations: Custom, Printed, Music: MP3, Cleanup: Hired Help])
112,1,0.043317005,Agent2@0,(Offer  bid:Bid[Food: Chips and Nuts, Drinks: Beer Only, Location: Party Room, Invitations: Custom, Handmade, Music: DJ, Cleanup: Specialized Materials])
112,2,0.04343254,Agent3@1,(Offer  bid:Bid[Food: Catering, Drinks: Handmade Cocktails, Location: Party Room, Invitations: Custom, Printed, Music: MP3, Cleanup: Special Equiment])
113,1,0.04358960166666667,Agent2@0,(Offer  bid:Bid[Food: Chips and Nuts, Drinks: Beer Only, Location: Party Room, Invitations: Custom, Handmade, Music: DJ, Cleanup: Specialized Materials])
113,2,0.043755278333333335,Agent3@1,(Offer  bid:Bid[Food: Handmade Food, Drinks: Handmade Cocktails, Location: Party Room, Invitations: Custom, Handmade, Music: MP3, Cleanup: Water and Soap])
114,1,0.043893336666666664,Agent2@0,(Offer  bid:Bid[Food: Chips and Nuts, Drinks: Beer Only, Location: Party Room, Invitations: Custom, Handmade, Music: DJ, Cleanup: Specialized Materials])
114,2,0.04400542833333333,Agent3@1,(Offer  bid:Bid[Food: Chips and Nuts, Drinks: Handmade Cocktails, Location: Ballroom, Invitations: Plain, Music: Band, Cleanup: Water and Soap])
115,1,0.04414652333333333,Agent2@0,(Offer  bid:Bid[Food: Chips and Nuts, Drinks: Beer Only, Location: Party Room, Invitations: Custom, Handmade, Music: DJ, Cleanup: Specialized Materials])
115,2,0.04426286833333334,Agent3@1,(Offer  bid:Bid[Food: Finger-Food, Drinks: Handmade Cocktails, Location: Your Dorm, Invitations: Plain, Music: DJ, Cleanup: Water and Soap])
116,1,0.04445006666666666,Agent2@0,(Offer  bid:Bid[Food: Chips and Nuts, Drinks: Beer Only, Location: Party Room, Invitations: Custom, Handmade, Music: DJ, Cleanup: Specialized Materials])
116,2,0.044553583333333334,Agent3@1,(Offer  bid:Bid[Food: Catering, Drinks: Non-Alcoholic, Location: Party Room, Invitations: Plain, Music: Band, Cleanup: Water and Soap])
117,1,0.04473696666666667,Agent2@0,(Offer  bid:Bid[Food: Chips and Nuts, Drinks: Beer Only, Location: Party Room, Invitations: Custom, Handmade, Music: DJ, Cleanup: Specialized Materials])
117,2,0.04484523833333333,Agent3@1,(Offer  bid:Bid[Food: Catering, Drinks: Handmade Cocktails, Location: Party Room, Invitations: Plain, Music: Band, Cleanup: Specialized Materials])
118,1,0.04498913,Agent2@0,(Offer  bid:Bid[Food: Chips and Nuts, Drinks: Beer Only, Location: Party Room, Invitations: Custom, Handmade, Music: DJ, Cleanup: Specialized Materials])
118,2,0.04514084166666667,Agent3@1,(Offer  bid:Bid[Food: Catering, Drinks: Catering, Location: Party Room, Invitations: Plain, Music: MP3, Cleanup: Water and Soap])
119,1,0.045288789999999995,Agent2@0,(Offer  bid:Bid[Food: Chips and Nuts, Drinks: Beer Only, Location: Party Room, Invitations: Custom, Handmade, Music: DJ, Cleanup: Specialized Materials])
119,2,0.04540338666666666,Agent3@1,(Offer  bid:Bid[Food: Catering, Drinks: Beer Only, Location: Party Room, Invitations: Custom, Printed, Music: Band, Cleanup: Water and Soap])
120,1,0.04560418,Agent2@0,(Offer  bid:Bid[Food: Chips and Nuts, Drinks: Beer Only, Location: Party Room, Invitations: Custom, Handmade, Music: DJ, Cleanup: Specialized Materials])
120,2,0.045713514999999996,Agent3@1,(Offer  bid:Bid[Food: Finger-Food, Drinks: Handmade Cocktails, Location: Party Room, Invitations: Photo, Music: MP3, Cleanup: Water and Soap])
121,1,0.04585702,Agent2@0,(Offer  bid:Bid[Food: Chips and Nuts, Drinks: Beer Only, Location: Party Room, Invitations: Custom, Handmade, Music: DJ, Cleanup: Specialized Materials])
121,2,0.04596127666666667,Agent3@1,(Offer  bid:Bid[Food: Handmade Food, Drinks: Beer Only, Location: Party Room, Invitations: Plain, Music: MP3, Cleanup: Water and Soap])
122,1,0.046115231666666666,Agent2@0,(Offer  bid:Bid[Food: Chips and Nuts, Drinks: Beer Only, Location: Party Room, Invitations: Custom, Handmade, Music: DJ, Cleanup: Specialized Materials])
122,2,0.04622196333333333,Agent3@1,(Offer  bid:Bid[Food: Chips and Nuts, Drinks: Handmade Cocktails, Location: Your Dorm, Invitations: Custom, Printed, Music: DJ, Cleanup: Water and Soap])
123,1,0.04636299666666666,Agent2@0,(Offer  bid:Bid[Food: Chips and Nuts, Drinks: Beer Only, Location: Party Room, Invitations: Custom, Handmade, Music: DJ, Cleanup: Specialized Materials])
123,2,0.046482633333333336,Agent3@1,(Offer  bid:Bid[Food: Handmade Food, Drinks: Non-Alcoholic, Location: Party Room, Invitations: Custom, Printed, Music: Band, Cleanup: Water and Soap])
124,1,0.046665098333333335,Agent2@0,(Offer  bid:Bid[Food: Chips and Nuts, Drinks: Beer Only, Location: Party Room, Invitations: Custom, Handmade, Music: DJ, Cleanup: Specialized Materials])
124,2,0.04676833333333333,Agent3@1,(Offer  bid:Bid[Food: Handmade Food, Drinks: Handmade Cocktails, Location: Party Room, Invitations: Custom, Printed, Music: Band, Cleanup: Specialized Materials])
125,1,0.04694502333333333,Agent2@0,(Offer  bid:Bid[Food: Chips and Nuts, Drinks: Beer Only, Location: Party Room, Invitations: Custom, Handmade, Music: DJ, Cleanup: Specialized Materials])
125,2,0.04705971,Agent3@1,(Offer  bid:Bid[Food: Catering, Drinks: Handmade Cocktails, Location: Party Room, Invitations: Custom, Printed, Music: Band, Cleanup: Hired Help])
126,1,0.047210391666666664,Agent2@0,(Offer  bid:Bid[Food: Chips and Nuts, Drinks: Beer Only, Location: Party Room, Invitations: Custom, Handmade, Music: DJ, Cleanup: Specialized Materials])
126,2,0.04731806,Agent3@1,(Offer  bid:Bid[Food: Handmade Food, Drinks: Catering, Location: Party Room, Invitations: Custom, Printed, Music: MP3, Cleanup: Water and Soap])
127,1,0.047475335,Agent2@0,(Offer  bid:Bid[Food: Chips and Nuts, Drinks: Beer Only, Location: Party Room, Invitations: Custom, Handmade, Music: DJ, Cleanup: Specialized Materials])
127,2,0.047592999999999996,Agent3@1,(Offer  bid:Bid[Food: Catering, Drinks: Handmade Cocktails, Location: Party Room, Invitations: Custom, Handmade, Music: Band, Cleanup: Water and Soap])
128,1,0.047783825,Agent2@0,(Offer  bid:Bid[Food: Chips and Nuts, Drinks: Beer Only, Location: Party Room, Invitations: Custom, Handmade, Music: DJ, Cleanup: Specialized Materials])
128,2,0.04791809666666667,Agent3@1,(Offer  bid:Bid[Food: Finger-Food, Drinks: Handmade Cocktails, Location: Ballroom, Invitations: Plain, Music: DJ, Cleanup: Water and Soap])
129,1,0.048093348333333334,Agent2@0,(Offer  bid:Bid[Food: Chips and Nuts, Drinks: Beer Only, Location: Party Room, Invitations: Custom, Handmade, Music: DJ, Cleanup: Specialized Materials])
129,2,0.04819851,Agent3@1,(Offer  bid:Bid[Food: Finger-Food, Drinks: Non-Alcoholic, Location: Party Room, Invitations: Plain, Music: MP3, Cleanup: Water and Soap])
130,1,0.04838779333333333,Agent2@0,(Offer  bid:Bid[Food: Chips and Nuts, Drinks: Beer Only, Location: Party Room, Invitations: Custom, Handmade, Music: DJ, Cleanup: Specialized Materials])
130,2,0.04850155166666667,Agent3@1,(Offer  bid:Bid[Food: Finger-Food, Drinks: Handmade Cocktails, Location: Party Room, Invitations: Plain, Music: MP3, Cleanup: Specialized Materials])
131,1,0.048639575000000004,Agent2@0,(Offer  bid:Bid[Food: Chips and Nuts, Drinks: Beer Only, Location: Party Room, Invitations: Custom, Handmade, Music: DJ, Cleanup: Specialized Materials])
131,2,0.04874758333333333,Agent3@1,(Offer  bid:Bid[Food: Chips and Nuts, Drinks: Handmade Cocktails, Location: Party Tent, Invitations: Plain, Music: DJ, Cleanup: Water and Soap])
132,1,0.048941856666666665,Agent2@0,(Offer  bid:Bid[Food: Chips and Nuts, Drinks: Beer Only, Location: Party Room, Invitations: Custom, Handmade, Music: DJ, Cleanup: Specialized Materials])
132,2,0.049058638333333335,Agent3@1,(Offer  bid:Bid[Food: Handmade Food, Drinks: Handmade Cocktails, Location: Party Room, Invitations: Plain, Music: MP3, Cleanup: Hired Help])
133,1,0.04922048333333333,Agent2@0,(Offer  bid:Bid[Food: Chips and Nuts, Drinks: Beer Only, Location: Party Room, Invitations: Custom, Handmade, Music: DJ, Cleanup: Specialized Materials])
133,2,0.049350235,Agent3@1,(Offer  bid:Bid[Food: Catering, Drinks: Handmade Cocktails, Location: Party Room, Invitations: Plain, Music: MP3, Cleanup: Special Equiment])
134,1,0.04947619166666666,Agent2@0,(Offer  bid:Bid[Food: Chips and Nuts, Drinks: Beer Only, Location: Party Room, Invitations: Custom, Handmade, Music: DJ, Cleanup: Specialized Materials])
134,2,0.04959172666666667,Agent3@1,(Offer  bid:Bid[Food: Finger-Food, Drinks: Beer Only, Location: Party Room, Invitations: Custom, Printed, Music: MP3, Cleanup: Water and Soap])
135,1,0.04976462166666666,Agent2@0,(Offer  bid:Bid[Food: Chips and Nuts, Drinks: Beer Only, Location: Party Room, Invitations: Custom, Handmade, Music: DJ, Cleanup: Specialized Materials])
135,2,0.049889173333333335,Agent3@1,(Offer  bid:Bid[Food: Handmade Food, Drinks: Handmade Cocktails, Location: Party Room, Invitations: Photo, Music: Band, Cleanup: Water and Soap])
136,1,0.050017171666666665,Agent2@0,(Offer  bid:Bid[Food: Chips and Nuts, Drinks: Beer Only, Location: Party Room, Invitations: Custom, Handmade, Music: DJ, Cleanup: Specialized Materials])
136,2,0.05015168833333334,Agent3@1,(Offer  bid:Bid[Food: Chips and Nuts, Drinks: Handmade Cocktails, Location: Ballroom, Invitations: Custom, Printed, Music: DJ, Cleanup: Water and Soap])
137,1,0.05030773833333334,Agent2@0,(Offer  bid:Bid[Food: Chips and Nuts, Drinks: Beer Only, Location: Party Room, Invitations: Custom, Handmade, Music: DJ, Cleanup: Specialized Materials])
137,2,0.05041165833333334,Agent3@1,(Offer  bid:Bid[Food: Chips and Nuts, Drinks: Non-Alcoholic, Location: Party Room, Invitations: Custom, Printed, Music: MP3, Cleanup: Water and Soap])
138,1,0.05055612166666667,Agent2@0,(Offer  bid:Bid[Food: Chips and Nuts, Drinks: Beer Only, Location: Party Room, Invitations: Custom, Handmade, Music: DJ, Cleanup: Specialized Materials])
138,2,0.05068205,Agent3@1,(Offer  bid:Bid[Food: Catering, Drinks: Beer Only, Location: Party Room, Invitations: Plain, Music: Band, Cleanup: Water and Soap])
139,1,0.05086421333333333,Agent2@0,(Offer  bid:Bid[Food: Chips and Nuts, Drinks: Beer Only, Location: Party Room, Invitations: Custom, Handmade, Music: DJ, Cleanup: Specialized Materials])
139,2,0.050975389999999995,Agent3@1,(Offer  bid:Bid[Food: Chips and Nuts, Drinks: Handmade Cocktails, Location: Party Room, Invitations: Custom, Printed, Music: MP3, Cleanup: Specialized Materials])
140,1,0.051141233333333334,Agent2@0,(Offer  bid:Bid[Food: Chips and Nuts, Drinks: Beer Only, Location: Party Room, Invitations: Custom, Handmade, Music: DJ, Cleanup: Specialized Materials])
140,2,0.051280534999999995,Agent3@1,(Offer  bid:Bid[Food: Catering, Drinks: Non-Alcoholic, Location: Party Room, Invitations: Custom, Printed, Music: DJ, Cleanup: Water and Soap])
141,1,0.051447975,Agent2@0,(Offer  bid:Bid[Food: Chips and Nuts, Drinks: Beer Only, Location: Party Room, Invitations: Custom, Handmade, Music: DJ, Cleanup: Specialized Materials])
141,2,0.05155079666666666,Agent3@1,(Offer  bid:Bid[Food: Catering, Drinks: Handmade Cocktails, Location: Party Room, Invitations: Custom, Printed, Music: DJ, Cleanup: Specialized Materials])
142,1,0.051689323333333335,Agent2@0,(Offer  bid:Bid[Food: Chips and Nuts, Drinks: Beer Only, Location: Party Room, Invitations: Custom, Handmade, Music: DJ, Cleanup: Specialized Materials])
142,2,0.05179932833333333,Agent3@1,(Offer  bid:Bid[Food: Finger-Food, Drinks: Handmade Cocktails, Location: Party Room, Invitations: Custom, Printed, Music: MP3, Cleanup: Hired Help])
143,1,0.05197215166666667,Agent2@0,(Offer  bid:Bid[Food: Chips and Nuts, Drinks: Beer Only, Location: Party Room, Invitations: Custom, Handmade, Music: DJ, Cleanup: Specialized Materials])
143,2,0.0520719,Agent3@1,(Offer  bid:Bid[Food: Handmade Food, Drinks: Handmade Cocktails, Location: Party Room, Invitations: Custom, Printed, Music: MP3, Cleanup: Special Equiment])
144,1,0.05222407666666666,Agent2@0,(Offer  bid:Bid[Food: Chips and Nuts, Drinks: Beer Only, Location: Party Room, Invitations: Custom, Handmade, Music: DJ, Cleanup: Specialized Materials])
144,2,0.052323626666666664,Agent3@1,(Offer  bid:Bid[Food: Finger-Food, Drinks: Handmade Cocktails, Location: Party Room, Invitations: Custom, Handmade, Music: MP3, Cleanup: Water and Soap])
145,1,0.05244263166666666,Agent2@0,(Offer  bid:Bid[Food: Chips and Nuts, Drinks: Beer Only, Location: Party Room, Invitations: Custom, Handmade, Music: DJ, Cleanup: Specialized Materials])
145,2,0.052582203333333334,Agent3@1,(Offer  bid:Bid[Food: Catering, Drinks: Catering, Location: Party Room, Invitations: Custom, Printed, Music: Band, Cleanup: Water and Soap])
146,1,0.05270016,Agent2@0,(Offer  bid:Bid[Food: Chips and Nuts, Drinks: Beer Only, Location: Party Room, Invitations: Custom, Handmade, Music: DJ, Cleanup: Specialized Materials])
146,2,0.05281835333333333,Agent3@1,(Offer  bid:Bid[Food: Chips and Nuts, Drinks: Handmade Cocktails, Location: Your Dorm, Invitations: Plain, Music: DJ, Cleanup: Water and Soap])
147,1,0.052925715,Agent2@0,(Offer  bid:Bid[Food: Chips and Nuts, Drinks: Beer Only, Location: Party Room, Invitations: Custom, Handmade, Music: DJ, Cleanup: Specialized Materials])
147,2,0.053063645,Agent3@1,(Offer  bid:Bid[Food: Catering, Drinks: Non-Alcoholic, Location: Party Tent, Invitations: Custom, Printed, Music: MP3, Cleanup: Water and Soap])
148,1,0.05316815,Agent2@0,(Offer  bid:Bid[Food: Chips and Nuts, Drinks: Beer Only, Location: Party Room, Invitations: Custom, Handmade, Music: DJ, Cleanup: Specialized Materials])
148,2,0.053312831666666664,Agent3@1,(Offer  bid:Bid[Food: Handmade Food, Drinks: Non-Alcoholic, Location: Party Room, Invitations: Plain, Music: Band, Cleanup: Water and Soap])
149,1,0.05343753,Agent2@0,(Offer  bid:Bid[Food: Chips and Nuts, Drinks: Beer Only, Location: Party Room, Invitations: Custom, Handmade, Music: DJ, Cleanup: Specialized Materials])
149,2,0.053554808333333336,Agent3@1,(Offer  bid:Bid[Food: Catering, Drinks: Handmade Cocktails, Location: Party Tent, Invitations: Custom, Printed, Music: MP3, Cleanup: Specialized Materials])
150,1,0.05368861333333333,Agent2@0,(Offer  bid:Bid[Food: Chips and Nuts, Drinks: Beer Only, Location: Party Room, Invitations: Custom, Handmade, Music: DJ, Cleanup: Specialized Materials])
150,2,0.05379378166666667,Agent3@1,(Offer  bid:Bid[Food: Handmade Food, Drinks: Handmade Cocktails, Location: Party Room, Invitations: Plain, Music: Band, Cleanup: Specialized Materials])
151,1,0.05393573166666667,Agent2@0,(Offer  bid:Bid[Food: Chips and Nuts, Drinks: Beer Only, Location: Party Room, Invitations: Custom, Handmade, Music: DJ, Cleanup: Specialized Materials])
151,2,0.054047455,Agent3@1,(Offer  bid:Bid[Food: Catering, Drinks: Handmade Cocktails, Location: Party Room, Invitations: Plain, Music: Band, Cleanup: Hired Help])
152,1,0.05418429833333334,Agent2@0,(Offer  bid:Bid[Food: Chips and Nuts, Drinks: Beer Only, Location: Party Room, Invitations: Custom, Handmade, Music: DJ, Cleanup: Specialized Materials])
152,2,0.054313665000000004,Agent3@1,(Offer  bid:Bid[Food: Handmade Food, Drinks: Catering, Location: Party Room, Invitations: Plain, Music: MP3, Cleanup: Water and Soap])
153,1,0.054444538333333334,Agent2@0,(Offer  bid:Bid[Food: Chips and Nuts, Drinks: Beer Only, Location: Party Room, Invitations: Custom, Handmade, Music: DJ, Cleanup: Specialized Materials])
153,2,0.05455347333333334,Agent3@1,(Offer  bid:Bid[Food: Handmade Food, Drinks: Beer Only, Location: Party Room, Invitations: Custom, Printed, Music: Band, Cleanup: Water and Soap])
154,1,0.054710885,Agent2@0,(Offer  bid:Bid[Food: Chips and Nuts, Drinks: Beer Only, Location: Party Room, Invitations: Custom, Handmade, Music: DJ, Cleanup: Specialized Materials])
154,2,0.05483575833333333,Agent3@1,(Offer  bid:Bid[Food: Chips and Nuts, Drinks: Handmade Cocktails, Location: Party Room, Invitations: Photo, Music: MP3, Cleanup: Water and Soap])
155,1,0.055048824999999996,Agent2@0,(Offer  bid:Bid[Food: Chips and Nuts, Drinks: Beer Only, Location: Party Room, Invitations: Custom, Handmade, Music: DJ, Cleanup: Specialized Materials])
155,2,0.05516503,Agent3@1,(Offer  bid:Bid[Food: Catering, Drinks: Handmade Cocktails, Location: Party Room, Invitations: Photo, Music: DJ, Cleanup: Water and Soap])
156,1,0.055370438333333334,Agent2@0,(Offer  bid:Bid[Food: Chips and Nuts, Drinks: Beer Only, Location: Party Room, Invitations: Custom, Handmade, Music: DJ, Cleanup: Specialized Materials])
156,2,0.055492404999999995,Agent3@1,(Offer  bid:Bid[Food: Finger-Food, Drinks: Beer Only, Location: Party Room, Invitations: Plain, Music: MP3, Cleanup: Water and Soap])
157,1,0.05563018833333333,Agent2@0,(Offer  bid:Bid[Food: Chips and Nuts, Drinks: Beer Only, Location: Party Room, Invitations: Custom, Handmade, Music: DJ, Cleanup: Specialized Materials])
157,2,0.05575857,Agent3@1,(Offer  bid:Bid[Food: Finger-Food, Drinks: Non-Alcoholic, Location: Party Room, Invitations: Custom, Printed, Music: Band, Cleanup: Water and Soap])
158,1,0.05592525,Agent2@0,(Offer  bid:Bid[Food: Chips and Nuts, Drinks: Beer Only, Location: Party Room, Invitations: Custom, Handmade, Music: DJ, Cleanup: Specialized Materials])
158,2,0.05609368,Agent3@1,(Offer  bid:Bid[Food: Finger-Food, Drinks: Handmade Cocktails, Location: Party Room, Invitations: Custom, Printed, Music: Band, Cleanup: Specialized Materials])
159,1,0.05621797,Agent2@0,(Offer  bid:Bid[Food: Chips and Nuts, Drinks: Beer Only, Location: Party Room, Invitations: Custom, Handmade, Music: DJ, Cleanup: Specialized Materials])
159,2,0.05639854833333333,Agent3@1,(Offer  bid:Bid[Food: Handmade Food, Drinks: Handmade Cocktails, Location: Party Room, Invitations: Custom, Printed, Music: Band, Cleanup: Hired Help])
160,1,0.05653067666666667,Agent2@0,(Offer  bid:Bid[Food: Chips and Nuts, Drinks: Beer Only, Location: Party Room, Invitations: Custom, Handmade, Music: DJ, Cleanup: Specialized Materials])
160,2,0.056703925,Agent3@1,(Offer  bid:Bid[Food: Catering, Drinks: Handmade Cocktails, Location: Party Room, Invitations: Custom, Printed, Music: Band, Cleanup: Special Equiment])
161,1,0.05682624333333333,Agent2@0,(Offer  bid:Bid[Food: Chips and Nuts, Drinks: Beer Only, Location: Party Room, Invitations: Custom, Handmade, Music: DJ, Cleanup: Specialized Materials])
161,2,0.056983360000000004,Agent3@1,(Offer  bid:Bid[Food: Finger-Food, Drinks: Catering, Location: Party Room, Invitations: Custom, Printed, Music: MP3, Cleanup: Water and Soap])
162,1,0.05717594,Agent2@0,(Offer  bid:Bid[Food: Chips and Nuts, Drinks: Beer Only, Location: Party Room, Invitations: Custom, Handmade, Music: DJ, Cleanup: Specialized Materials])
162,2,0.057298005,Agent3@1,(Offer  bid:Bid[Food: Catering, Drinks: Handmade Cocktails, Location: Party Tent, Invitations: Photo, Music: MP3, Cleanup: Water and Soap])
163,1,0.05751290333333334,Agent2@0,(Offer  bid:Bid[Food: Chips and Nuts, Drinks: Beer Only, Location: Party Room, Invitations: Custom, Handmade, Music: DJ, Cleanup: Specialized Materials])
163,2,0.05765978833333333,Agent3@1,(Offer  bid:Bid[Food: Handmade Food, Drinks: Handmade Cocktails, Location: Party Room, Invitations: Custom, Handmade, Music: Band, Cleanup: Water and Soap])
164,1,0.057798723333333336,Agent2@0,(Offer  bid:Bid[Food: Chips and Nuts, Drinks: Beer Only, Location: Party Room, Invitations: Custom, Handmade, Music: DJ, Cleanup: Specialized Materials])
164,2,0.057922231666666664,Agent3@1,(Offer  bid:Bid[Food: Chips and Nuts, Drinks: Handmade Cocktails, Location: Ballroom, Invitations: Plain, Music: DJ, Cleanup: Water and Soap])
165,1,0.05810642,Agent2@0,(Offer  bid:Bid[Food: Chips and Nuts, Drinks: Beer Only, Location: Party Room, Invitations: Custom, Handmade, Music: DJ, Cleanup: Specialized Materials])
165,2,0.058254291666666666,Agent3@1,(Offer  bid:Bid[Food: Catering, Drinks: Non-Alcoholic, Location: Your Dorm, Invitations: Custom, Printed, Music: MP3, Cleanup: Water and Soap])
166,1,0.05844277333333334,Agent2@0,(Offer  bid:Bid[Food: Chips and Nuts, Drinks: Beer Only, Location: Party Room, Invitations: Custom, Handmade, Music: DJ, Cleanup: Specialized Materials])
166,2,0.05863096166666667,Agent3@1,(Offer  bid:Bid[Food: Catering, Drinks: Handmade Cocktails, Location: Your Dorm, Invitations: Custom, Printed, Music: MP3, Cleanup: Specialized Materials])
167,1,0.05875729833333333,Agent2@0,(Offer  bid:Bid[Food: Chips and Nuts, Drinks: Beer Only, Location: Party Room, Invitations: Custom, Handmade, Music: DJ, Cleanup: Specialized Materials])
167,2,0.058909111666666666,Agent3@1,(Offer  bid:Bid[Food: Chips and Nuts, Drinks: Non-Alcoholic, Location: Party Room, Invitations: Plain, Music: MP3, Cleanup: Water and Soap])
168,1,0.059046698333333335,Agent2@0,(Offer  bid:Bid[Food: Chips and Nuts, Drinks: Beer Only, Location: Party Room, Invitations: Custom, Handmade, Music: DJ, Cleanup: Specialized Materials])
168,2,0.05919233,Agent3@1,(Offer  bid:Bid[Food: Chips and Nuts, Drinks: Handmade Cocktails, Location: Party Room, Invitations: Plain, Music: MP3, Cleanup: Specialized Materials])
169,1,0.05936115833333333,Agent2@0,(Offer  bid:Bid[Food: Chips and Nuts, Drinks: Beer Only, Location: Party Room, Invitations: Custom, Handmade, Music: DJ, Cleanup: Specialized Materials])
169,2,0.05949681,Agent3@1,(Offer  bid:Bid[Food: Catering, Drinks: Non-Alcoholic, Location: Party Room, Invitations: Plain, Music: DJ, Cleanup: Water and Soap])
170,1,0.059607843333333334,Agent2@0,(Offer  bid:Bid[Food: Chips and Nuts, Drinks: Beer Only, Location: Party Room, Invitations: Custom, Handmade, Music: DJ, Cleanup: Specialized Materials])
170,2,0.059740151666666665,Agent3@1,(Offer  bid:Bid[Food: Catering, Drinks: Handmade Cocktails, Location: Party Room, Invitations: Plain, Music: DJ, Cleanup: Specialized Materials])
171,1,0.05989587666666667,Agent2@0,(Offer  bid:Bid[Food: Chips and Nuts, Drinks: Beer Only, Location: Party Room, Invitations: Custom, Handmade, Music: DJ, Cleanup: Specialized Materials])
171,2,0.06002987833333333,Agent3@1,(Offer  bid:Bid[Food: Finger-Food, Drinks: Handmade Cocktails, Location: Party Room, Invitations: Plain, Music: MP3, Cleanup: Hired Help])
172,1,0.06014104,Agent2@0,(Offer  bid:Bid[Food: Chips and Nuts, Drinks: Beer Only, Location: Party Room, Invitations: Custom, Handmade, Music: DJ, Cleanup: Specialized Materials])
172,2,0.06026637166666667,Agent3@1,(Offer  bid:Bid[Food: Handmade Food, Drinks: Handmade Cocktails, Location: Party Room, Invitations: Plain, Music: MP3, Cleanup: Special Equiment])
173,1,0.060444945,Agent2@0,(Offer  bid:Bid[Food: Chips and Nuts, Drinks: Beer Only, Location: Party Room, Invitations: Custom, Handmade, Music: DJ, Cleanup: Specialized Materials])
173,2,0.06056788833333333,Agent3@1,(Offer  bid:Bid[Food: Chips and Nuts, Drinks: Beer Only, Location: Party Room, Invitations: Custom, Printed, Music: MP3, Cleanup: Water and Soap])
174,1,0.06059842833333333,Agent2@0,(Accept  bid:Bid[Food: Chips and Nuts, Drinks: Beer Only, Location: Party Room, Invitations: Custom, Printed, Music: MP3, Cleanup: Water and Soap])
agreement,Bid[Food: Chips and Nuts, Drinks: Beer Only, Location: Party Room, Invitations: Custom, Printed, Music: MP3, Cleanup: Water and Soap],0.8783333333333334,0.7382820437475793
